{  
    "profileInfo":[  
       {  
          "name":"vignesh4283",
          "profileImage":"https://scontent-sin2-1.cdninstagram.com/vp/284e4594879aa23e5a44c971393a5bc2/5D2E553F/t51.2885-19/s150x150/54208009_271958070406649_956950998817964032_n.jpg?_nc_ht=scontent-sin2-1.cdninstagram.com",
          "posts":"4",
          "followers":"99.5m",
          "following":"100",
          "userName":"Vignesh Vigneshwaran",
          "mailId": "v19ne5h1994@gmail.com",
          "mobileNo": "7397353514"
       }
    ],
    "postsImage":[
        {"id":"1","likes":"100m", "comment": "0","image":"https://images.unsplash.com/photo-1511765224389-37f0e77cf0eb?w=500&h=500&fit=crop"},
        {"id":"2","likes":"100m", "comment": "0","image":"https://images.unsplash.com/photo-1497445462247-4330a224fdb1?w=500&h=500&fit=crop"},
        {"id":"3","likes":"10m", "comment": "0","image":"https://images.unsplash.com/photo-1426604966848-d7adac402bff?w=500&h=500&fit=crop"},
        {"id":"4","likes":"10m", "comment": "0","image":"https://images.unsplash.com/photo-1502630859934-b3b41d18206c?w=500&h=500&fit=crop"}
    ],
    "savedImage":[
        {"id":"1","likes":"100m", "comment": "0","image":"https://images.unsplash.com/photo-1511765224389-37f0e77cf0eb?w=500&h=500&fit=crop"},
        {"id":"2","likes":"100m", "comment": "0","image":"https://images.unsplash.com/photo-1497445462247-4330a224fdb1?w=500&h=500&fit=crop"},
        {"id":"3","likes":"10m", "comment": "0","image":"https://images.unsplash.com/photo-1426604966848-d7adac402bff?w=500&h=500&fit=crop"},
        {"id":"4","likes":"10m", "comment": "0","image":"https://images.unsplash.com/photo-1502630859934-b3b41d18206c?w=500&h=500&fit=crop"}
    ],
    "taggedImage":[
        {"id":"1", "likes":"100m", "comment": "0","image":"https://images.unsplash.com/photo-1511765224389-37f0e77cf0eb?w=500&h=500&fit=crop"},
        {"id":"2","likes":"100m", "comment": "0","image":"https://images.unsplash.com/photo-1497445462247-4330a224fdb1?w=500&h=500&fit=crop"},
        {"id":"3","likes":"10m", "comment": "0","image":"https://images.unsplash.com/photo-1426604966848-d7adac402bff?w=500&h=500&fit=crop"},
        {"id":"4","likes":"10m", "comment": "0","image":"https://images.unsplash.com/photo-1502630859934-b3b41d18206c?w=500&h=500&fit=crop"}
    ],
    "instrgram": [
        {   
            "instid": "101",
            "time": "10 HOURS AGO",
            "name": "SilAm BaRa SAn",
            "id":"10",
            "image": "https://images.unsplash.com/photo-1511765224389-37f0e77cf0eb?w=500&h=500&fit=crop",
            "text": "Miss you all",
            "commentsCouny": "2",
            "commentBy": [
                {
                    "id":"1",
                    "image": "https://instagram.fmaa6-1.fna.fbcdn.net/vp/6aab6f5718c7526c4f2dee39a15c549a/5D3E08DD/t51.2885-19/s150x150/56759087_1638936099583523_890775998147067904_n.jpg?_nc_ht=instagram.fmaa6-1.fna.fbcdn.net",
                    "name": "eric_delito",
                    "comment": "nice"
                },
                {
                    "id":"3",
                    "image": "https://instagram.fmaa6-1.fna.fbcdn.net/vp/6aab6f5718c7526c4f2dee39a15c549a/5D3E08DD/t51.2885-19/s150x150/56759087_1638936099583523_890775998147067904_n.jpg?_nc_ht=instagram.fmaa6-1.fna.fbcdn.net",
                    "name": "eric_delito",
                    "comment": "nice pic"
                }
            ],
            "like": "2",
            "likes": [
                {
                    "id":"2",
                    "image": "https://instagram.fmaa6-1.fna.fbcdn.net/vp/6aab6f5718c7526c4f2dee39a15c549a/5D3E08DD/t51.2885-19/s150x150/56759087_1638936099583523_890775998147067904_n.jpg?_nc_ht=instagram.fmaa6-1.fna.fbcdn.net",
                    "name": "dennis_fernando_",
                    "comment": "nice"
                },
                {
                    "id":"3",
                    "image": "https://instagram.fmaa6-1.fna.fbcdn.net/vp/6aab6f5718c7526c4f2dee39a15c549a/5D3E08DD/t51.2885-19/s150x150/56759087_1638936099583523_890775998147067904_n.jpg?_nc_ht=instagram.fmaa6-1.fna.fbcdn.net",
                    "name": "mahesh_kunv",
                    "comment": "nice"
                }
            ],
            "taggerId":"1",
            "taggerName":"eric_delito",
            "color": "#262626"
        },
        {   
            "instid":"102",
            "time": "15 HOURS AGO",
            "name": "Mahesh Mal",
            "id":"3",
            "image": "https://images.unsplash.com/photo-1502630859934-b3b41d18206c?w=500&h=500&fit=crop",
            "text": "Miss you all",
            "commentsCouny": "3",
            "commentBy": [
                {
                    "id":"1",
                    "image": "https://instagram.fmaa6-1.fna.fbcdn.net/vp/6aab6f5718c7526c4f2dee39a15c549a/5D3E08DD/t51.2885-19/s150x150/56759087_1638936099583523_890775998147067904_n.jpg?_nc_ht=instagram.fmaa6-1.fna.fbcdn.net",
                    "name": "eric_delito",
                    "comment": "nice"
                },
                {
                    "id":"2",
                    "image": "https://instagram.fmaa6-1.fna.fbcdn.net/vp/6aab6f5718c7526c4f2dee39a15c549a/5D3E08DD/t51.2885-19/s150x150/56759087_1638936099583523_890775998147067904_n.jpg?_nc_ht=instagram.fmaa6-1.fna.fbcdn.net",
                    "name": "eric_delito",
                    "comment": "nice"
                },
                {
                    "id":"3",
                    "image": "https://instagram.fmaa6-1.fna.fbcdn.net/vp/6aab6f5718c7526c4f2dee39a15c549a/5D3E08DD/t51.2885-19/s150x150/56759087_1638936099583523_890775998147067904_n.jpg?_nc_ht=instagram.fmaa6-1.fna.fbcdn.net",
                    "name": "eric_delito",
                    "comment": "nice"
                }
            ],
            "like": "3",
            "likes": [
                {
                    "id":"1",
                    "image": "https://instagram.fmaa6-1.fna.fbcdn.net/vp/6aab6f5718c7526c4f2dee39a15c549a/5D3E08DD/t51.2885-19/s150x150/56759087_1638936099583523_890775998147067904_n.jpg?_nc_ht=instagram.fmaa6-1.fna.fbcdn.net",
                    "name": "eric_delito",
                    "comment": "nice pic"
                },
                {
                    "id":"2",
                    "image": "https://instagram.fmaa6-1.fna.fbcdn.net/vp/6aab6f5718c7526c4f2dee39a15c549a/5D3E08DD/t51.2885-19/s150x150/56759087_1638936099583523_890775998147067904_n.jpg?_nc_ht=instagram.fmaa6-1.fna.fbcdn.net",
                    "name": "dennis_fernando_",
                    "comment": "mass"
                },
                {
                    "id":"3",
                    "image": "https://instagram.fmaa6-1.fna.fbcdn.net/vp/6aab6f5718c7526c4f2dee39a15c549a/5D3E08DD/t51.2885-19/s150x150/56759087_1638936099583523_890775998147067904_n.jpg?_nc_ht=instagram.fmaa6-1.fna.fbcdn.net",
                    "name": "mahesh_kunv",
                    "comment": "nice"
                }
            ],
            "taggerId":"4",
            "taggerName":"mohanrajaskm",
            "color": "#262626"
        }
    ],
    "stories": [
        {   
            "name": "",
            "time": "",
            "profileImage": "",
            "image": [
                ""
            ]
        }
    ],
    "suggestions": [
        {
            "id":"1",
            "name": "eric_delito",
            "profileImage": "https://instagram.fmaa6-1.fna.fbcdn.net/vp/6aab6f5718c7526c4f2dee39a15c549a/5D3E08DD/t51.2885-19/s150x150/56759087_1638936099583523_890775998147067904_n.jpg?_nc_ht=instagram.fmaa6-1.fna.fbcdn.net",
            "fullName": "eRic",
            "follwedBy": "Ram",
            "posts":"4",
            "followers": "99.5m",
            "following": "100",
            "post": [
                {"id":"1","likes":"100m", "comment": "0","image":"https://images.unsplash.com/photo-1511765224389-37f0e77cf0eb?w=500&h=500&fit=crop"},
                {"id":"2","likes":"100m", "comment": "0","image":"https://images.unsplash.com/photo-1497445462247-4330a224fdb1?w=500&h=500&fit=crop"},
                {"id":"3","likes":"10m", "comment": "0","image":"https://images.unsplash.com/photo-1426604966848-d7adac402bff?w=500&h=500&fit=crop"},
                {"id":"4","likes":"10m", "comment": "0","image":"https://images.unsplash.com/photo-1502630859934-b3b41d18206c?w=500&h=500&fit=crop"}
            ],
            "color": "#3897f0",
            "text": "Follow",
            "fontColor": "#fff"
        },
        {
            "id":"2",
            "name": "dennis_fernando_",
            "profileImage": "https://instagram.fmaa6-1.fna.fbcdn.net/vp/38aa6c6ee85fd7c23d9be1de5db33f8c/5D442E85/t51.2885-19/s150x150/54277280_2344271259175699_2178392427390304256_n.jpg?_nc_ht=instagram.fmaa6-1.fna.fbcdn.net",
            "fullName": "Dennis Fernando",
            "follwedBy": "Nirmal",
            "posts":"4",
            "followers": "99.5m",
            "following": "100",
            "post": [
                {"id":"1","likes":"100m", "comment": "0","image":"https://images.unsplash.com/photo-1511765224389-37f0e77cf0eb?w=500&h=500&fit=crop"},
                {"id":"2","likes":"100m", "comment": "0","image":"https://images.unsplash.com/photo-1497445462247-4330a224fdb1?w=500&h=500&fit=crop"},
                {"id":"3","likes":"10m", "comment": "0","image":"https://images.unsplash.com/photo-1426604966848-d7adac402bff?w=500&h=500&fit=crop"},
                {"id":"4","likes":"10m", "comment": "0","image":"https://images.unsplash.com/photo-1502630859934-b3b41d18206c?w=500&h=500&fit=crop"}
            ],
            "color": "#3897f0",
            "text": "Follow",
            "fontColor": "#fff"
        },
        {
            "id":"3",
            "name": "mahesh_kunv",
            "profileImage": "https://instagram.fmaa6-1.fna.fbcdn.net/vp/88bfc6e32bc010e5688ff7f9000f3f64/5D2B251A/t51.2885-19/s150x150/45908743_271048140116472_3028806139660730368_n.jpg?_nc_ht=instagram.fmaa6-1.fna.fbcdn.net",
            "fullName": "Mahesh Mal",
            "follwedBy": "Karthik",
            "posts":"4",
            "followers": "99.5m",
            "following": "100",
            "post": [
                {"id":"1","likes":"100m", "comment": "0","image":"https://images.unsplash.com/photo-1511765224389-37f0e77cf0eb?w=500&h=500&fit=crop"},
                {"id":"2","likes":"100m", "comment": "0","image":"https://images.unsplash.com/photo-1497445462247-4330a224fdb1?w=500&h=500&fit=crop"},
                {"id":"3","likes":"10m", "comment": "0","image":"https://images.unsplash.com/photo-1426604966848-d7adac402bff?w=500&h=500&fit=crop"},
                {"id":"4","likes":"10m", "comment": "0","image":"https://images.unsplash.com/photo-1502630859934-b3b41d18206c?w=500&h=500&fit=crop"}
            ],
            "color": "#3897f0",
            "text": "Follow",
            "fontColor": "#fff"
        },
        {
            "id":"4",
            "name": "mohanrajaskm",
            "profileImage": "https://instagram.fmaa6-1.fna.fbcdn.net/vp/109ea0f2f2e5f4e549de3cc209506e8d/5D4C876A/t51.2885-19/s150x150/54191323_853040788373357_1360242913174355968_n.jpg?_nc_ht=instagram.fmaa6-1.fna.fbcdn.net",
            "fullName": "Mohan Raja",
            "follwedBy": "Raja",
            "posts":"4",
            "followers": "99.5m",
            "following": "100",
            "post": [
                {"id":"1","likes":"100m", "comment": "0","image":"https://images.unsplash.com/photo-1511765224389-37f0e77cf0eb?w=500&h=500&fit=crop"},
                {"id":"2","likes":"100m", "comment": "0","image":"https://images.unsplash.com/photo-1497445462247-4330a224fdb1?w=500&h=500&fit=crop"},
                {"id":"3","likes":"10m", "comment": "0","image":"https://images.unsplash.com/photo-1426604966848-d7adac402bff?w=500&h=500&fit=crop"},
                {"id":"4","likes":"10m", "comment": "0","image":"https://images.unsplash.com/photo-1502630859934-b3b41d18206c?w=500&h=500&fit=crop"}
            ],
            "color": "#3897f0",
            "text": "Follow",
            "fontColor": "#fff"
        },
        {
            "id":"5",
            "name": "ragunathan174",
            "profileImage": "https://instagram.fmaa6-1.fna.fbcdn.net/vp/69fd245e5eb37db86954a023545721d7/5D3D2A6C/t51.2885-19/s150x150/27879286_254553528418900_5758553753745620992_n.jpg?_nc_ht=instagram.fmaa6-1.fna.fbcdn.net",
            "fullName": "Ragu Ragunath",
            "follwedBy": "Vignesh",
            "posts":"4",
            "followers": "99.5m",
            "following": "100",
            "post": [
                {"id":"1","likes":"100m", "comment": "0","image":"https://images.unsplash.com/photo-1511765224389-37f0e77cf0eb?w=500&h=500&fit=crop"},
                {"id":"2","likes":"100m", "comment": "0","image":"https://images.unsplash.com/photo-1497445462247-4330a224fdb1?w=500&h=500&fit=crop"},
                {"id":"3","likes":"10m", "comment": "0","image":"https://images.unsplash.com/photo-1426604966848-d7adac402bff?w=500&h=500&fit=crop"},
                {"id":"4","likes":"10m", "comment": "0","image":"https://images.unsplash.com/photo-1502630859934-b3b41d18206c?w=500&h=500&fit=crop"}
            ],
            "color": "#3897f0",
            "text": "Follow",
            "fontColor": "#fff"
        },
        {
            "id":"6",
            "name": "mukund_madhan",
            "profileImage": "https://instagram.fmaa6-1.fna.fbcdn.net/vp/fad1b4367314fd4480a44e2bea1d0e49/5D293A05/t51.2885-19/s150x150/43462010_593126207771344_5922701231930736640_n.jpg?_nc_ht=instagram.fmaa6-1.fna.fbcdn.net",
            "fullName": "Mukund",
            "follwedBy": "Bala",
            "posts":"4",
            "followers": "99.5m",
            "following": "100",
            "post": [
                {"id":"1","likes":"100m", "comment": "0","image":"https://images.unsplash.com/photo-1511765224389-37f0e77cf0eb?w=500&h=500&fit=crop"},
                {"id":"2","likes":"100m", "comment": "0","image":"https://images.unsplash.com/photo-1497445462247-4330a224fdb1?w=500&h=500&fit=crop"},
                {"id":"3","likes":"10m", "comment": "0","image":"https://images.unsplash.com/photo-1426604966848-d7adac402bff?w=500&h=500&fit=crop"},
                {"id":"4","likes":"10m", "comment": "0","image":"https://images.unsplash.com/photo-1502630859934-b3b41d18206c?w=500&h=500&fit=crop"}
            ],
            "color": "#3897f0",
            "text": "Follow",
            "fontColor": "#fff"
        },
        {
            "id":"7",
            "name": "jaya4u",
            "profileImage": "https://instagram.fmaa6-1.fna.fbcdn.net/vp/91dc85d87b01c434bdbf6d6c1087fe16/5D3F834A/t51.2885-19/s150x150/46840423_917636755112720_7515275723762827264_n.jpg?_nc_ht=instagram.fmaa6-1.fna.fbcdn.net",
            "fullName": "Dr.R.Jayavadivel,M.,E.,Ph.D.,",
            "follwedBy": "Gopi",
            "posts":"4",
            "followers": "99.5m",
            "following": "100",
            "post": [
                {"id":"1","likes":"100m", "comment": "0","image":"https://images.unsplash.com/photo-1511765224389-37f0e77cf0eb?w=500&h=500&fit=crop"},
                {"id":"2","likes":"100m", "comment": "0","image":"https://images.unsplash.com/photo-1497445462247-4330a224fdb1?w=500&h=500&fit=crop"},
                {"id":"3","likes":"10m", "comment": "0","image":"https://images.unsplash.com/photo-1426604966848-d7adac402bff?w=500&h=500&fit=crop"},
                {"id":"4","likes":"10m", "comment": "0","image":"https://images.unsplash.com/photo-1502630859934-b3b41d18206c?w=500&h=500&fit=crop"}
            ],
            "color": "#3897f0",
            "text": "Follow",
            "fontColor": "#fff"
        },
        {
            "id":"8",
            "name": "kishore12247",
            "profileImage": "https://instagram.fmaa6-1.fna.fbcdn.net/vp/589f77726e9208918ee246904eca47c3/5D2A0E68/t51.2885-19/s150x150/13712262_1576376326000275_2056547539_a.jpg?_nc_ht=instagram.fmaa6-1.fna.fbcdn.net",
            "fullName": "Sai kishore",
            "follwedBy": "Illas",
            "posts":"4",
            "followers": "99.5m",
            "following": "100",
            "post": [
                {"id":"1","likes":"100m", "comment": "0","image":"https://images.unsplash.com/photo-1511765224389-37f0e77cf0eb?w=500&h=500&fit=crop"},
                {"id":"2","likes":"100m", "comment": "0","image":"https://images.unsplash.com/photo-1497445462247-4330a224fdb1?w=500&h=500&fit=crop"},
                {"id":"3","likes":"10m", "comment": "0","image":"https://images.unsplash.com/photo-1426604966848-d7adac402bff?w=500&h=500&fit=crop"},
                {"id":"4","likes":"10m", "comment": "0","image":"https://images.unsplash.com/photo-1502630859934-b3b41d18206c?w=500&h=500&fit=crop"}
            ],
            "color": "#3897f0",
            "text": "Follow",
            "fontColor": "#fff"
        },
        {
            "id":"9",
            "name": "viveraja236",
            "profileImage": "https://instagram.fmaa6-1.fna.fbcdn.net/vp/591f997f7471e6ae9477417bf328fafe/5D3953A6/t51.2885-19/s150x150/49987779_387747591994113_1747620723863584768_n.jpg?_nc_ht=instagram.fmaa6-1.fna.fbcdn.net",
            "fullName": "vivek Raja",
            "follwedBy": "Mohan",
            "posts":"4",
            "followers": "99.5m",
            "following": "100",
            "post": [
                {"id":"1","likes":"100m", "comment": "0","image":"https://images.unsplash.com/photo-1511765224389-37f0e77cf0eb?w=500&h=500&fit=crop"},
                {"id":"2","likes":"100m", "comment": "0","image":"https://images.unsplash.com/photo-1497445462247-4330a224fdb1?w=500&h=500&fit=crop"},
                {"id":"3","likes":"10m", "comment": "0","image":"https://images.unsplash.com/photo-1426604966848-d7adac402bff?w=500&h=500&fit=crop"},
                {"id":"4","likes":"10m", "comment": "0","image":"https://images.unsplash.com/photo-1502630859934-b3b41d18206c?w=500&h=500&fit=crop"}
            ],
            "color": "#3897f0",
            "text": "Follow",
            "fontColor": "#fff"
        },
        {
            "id":"10",
            "name": "si_m_bu",
            "profileImage": "https://instagram.fmaa6-1.fna.fbcdn.net/vp/a3c5f4da9ed62fa4cf1509ef75daf9cc/5D425BB0/t51.2885-19/s150x150/31255809_2052129601776152_2142633594835697664_n.jpg?_nc_ht=instagram.fmaa6-1.fna.fbcdn.net",
            "fullName": "SilAm BaRa SAn",
            "follwedBy": "Vivek",
            "posts":"4",
            "followers": "99.5m",
            "following": "100",
            "post": [
                {"id":"1","likes":"100m", "comment": "0","image":"https://images.unsplash.com/photo-1511765224389-37f0e77cf0eb?w=500&h=500&fit=crop"},
                {"id":"2","likes":"100m", "comment": "0","image":"https://images.unsplash.com/photo-1497445462247-4330a224fdb1?w=500&h=500&fit=crop"},
                {"id":"3","likes":"10m", "comment": "0","image":"https://images.unsplash.com/photo-1426604966848-d7adac402bff?w=500&h=500&fit=crop"},
                {"id":"4","likes":"10m", "comment": "0","image":"https://images.unsplash.com/photo-1502630859934-b3b41d18206c?w=500&h=500&fit=crop"}
            ],
            "color": "#3897f0",
            "text": "Follow",
            "fontColor": "#fff"
        },
        {
            "id":"11",
            "name": "ragunathan174",
            "profileImage": "https://instagram.fmaa6-1.fna.fbcdn.net/vp/69fd245e5eb37db86954a023545721d7/5D3D2A6C/t51.2885-19/s150x150/27879286_254553528418900_5758553753745620992_n.jpg?_nc_ht=instagram.fmaa6-1.fna.fbcdn.net",
            "fullName": "Ragu Ragunath",
            "follwedBy": "Vignesh",
            "posts":"4",
            "followers": "99.5m",
            "following": "100",
            "post": [
                {"id":"1","likes":"100m", "comment": "0","image":"https://images.unsplash.com/photo-1511765224389-37f0e77cf0eb?w=500&h=500&fit=crop"},
                {"id":"2","likes":"100m", "comment": "0","image":"https://images.unsplash.com/photo-1497445462247-4330a224fdb1?w=500&h=500&fit=crop"},
                {"id":"3","likes":"10m", "comment": "0","image":"https://images.unsplash.com/photo-1426604966848-d7adac402bff?w=500&h=500&fit=crop"},
                {"id":"4","likes":"10m", "comment": "0","image":"https://images.unsplash.com/photo-1502630859934-b3b41d18206c?w=500&h=500&fit=crop"}
            ],
            "color": "#3897f0",
            "text": "Follow",
            "fontColor": "#fff"
        },
        {
            "id":"12",
            "name": "dennis_fernando_",
            "profileImage": "https://instagram.fmaa6-1.fna.fbcdn.net/vp/38aa6c6ee85fd7c23d9be1de5db33f8c/5D442E85/t51.2885-19/s150x150/54277280_2344271259175699_2178392427390304256_n.jpg?_nc_ht=instagram.fmaa6-1.fna.fbcdn.net",
            "fullName": "Dennis Fernando",
            "follwedBy": "Nirmal",
            "posts":"4",
            "followers": "99.5m",
            "following": "100",
            "post": [
                {"id":"1","likes":"100m", "comment": "0","image":"https://images.unsplash.com/photo-1511765224389-37f0e77cf0eb?w=500&h=500&fit=crop"},
                {"id":"2","likes":"100m", "comment": "0","image":"https://images.unsplash.com/photo-1497445462247-4330a224fdb1?w=500&h=500&fit=crop"},
                {"id":"3","likes":"10m", "comment": "0","image":"https://images.unsplash.com/photo-1426604966848-d7adac402bff?w=500&h=500&fit=crop"},
                {"id":"4","likes":"10m", "comment": "0","image":"https://images.unsplash.com/photo-1502630859934-b3b41d18206c?w=500&h=500&fit=crop"}
            ],
            "color": "#3897f0",
            "text": "Follow",
            "fontColor": "#fff"
        }
    ],
    "explore": [
        {
            "id":"1",
            "image": "https://images.unsplash.com/photo-1511765224389-37f0e77cf0eb?w=500&h=500&fit=crop",
            "likes":"1",
            "likesBy": [
                {
                    "id":"1",
                    "image": "https://instagram.fmaa6-1.fna.fbcdn.net/vp/6aab6f5718c7526c4f2dee39a15c549a/5D3E08DD/t51.2885-19/s150x150/56759087_1638936099583523_890775998147067904_n.jpg?_nc_ht=instagram.fmaa6-1.fna.fbcdn.net",
                    "name": "eric_delito"
                }
            ],
            "comment": "1",
            "commentBy": [
                {
                    "id":"1",
                    "image": "https://instagram.fmaa6-1.fna.fbcdn.net/vp/6aab6f5718c7526c4f2dee39a15c549a/5D3E08DD/t51.2885-19/s150x150/56759087_1638936099583523_890775998147067904_n.jpg?_nc_ht=instagram.fmaa6-1.fna.fbcdn.net",
                    "name": "eric_delito",
                    "comment": "Nice pic.."
                }
            ]
        },
        {
            "id":"2",
            "image": "https://images.unsplash.com/photo-1497445462247-4330a224fdb1?w=500&h=500&fit=crop",
            "likes":"1",
            "likesBy": [
                {
                    "id":"2",
                    "name": "dennis_fernando_",
                    "image": "https://instagram.fmaa6-1.fna.fbcdn.net/vp/38aa6c6ee85fd7c23d9be1de5db33f8c/5D442E85/t51.2885-19/s150x150/54277280_2344271259175699_2178392427390304256_n.jpg?_nc_ht=instagram.fmaa6-1.fna.fbcdn.net"
                }
            ],
            "comment": "1",
            "commentBy": [
                {
                    "id":"2",
                    "name": "dennis_fernando_",
                    "image": "https://instagram.fmaa6-1.fna.fbcdn.net/vp/38aa6c6ee85fd7c23d9be1de5db33f8c/5D442E85/t51.2885-19/s150x150/54277280_2344271259175699_2178392427390304256_n.jpg?_nc_ht=instagram.fmaa6-1.fna.fbcdn.net",
                    "comment": "nice"
                }
            ]
        },
        {
            "id":"3",
            "image": "https://images.unsplash.com/photo-1426604966848-d7adac402bff?w=500&h=500&fit=crop",
            "likes":"1",
            "likesBy": [
                {
                    "id":"3",
                    "name": "mahesh_kunv",
                    "image": "https://instagram.fmaa6-1.fna.fbcdn.net/vp/88bfc6e32bc010e5688ff7f9000f3f64/5D2B251A/t51.2885-19/s150x150/45908743_271048140116472_3028806139660730368_n.jpg?_nc_ht=instagram.fmaa6-1.fna.fbcdn.net"
                }
            ],
            "comment": "1",
            "commentBy": [
                {
                    "id":"3",
                    "name": "mahesh_kunv",
                    "image": "https://instagram.fmaa6-1.fna.fbcdn.net/vp/88bfc6e32bc010e5688ff7f9000f3f64/5D2B251A/t51.2885-19/s150x150/45908743_271048140116472_3028806139660730368_n.jpg?_nc_ht=instagram.fmaa6-1.fna.fbcdn.net",
                    "comment": "background super"
                }
            ]
        },
        {
            "id":"4",
            "image": "https://images.unsplash.com/photo-1502630859934-b3b41d18206c?w=500&h=500&fit=crop",
            "likes":"2",
            "likesBy": [
                {
                    "id":"1",
                    "image": "https://instagram.fmaa6-1.fna.fbcdn.net/vp/6aab6f5718c7526c4f2dee39a15c549a/5D3E08DD/t51.2885-19/s150x150/56759087_1638936099583523_890775998147067904_n.jpg?_nc_ht=instagram.fmaa6-1.fna.fbcdn.net",
                    "name": "eric_delito"
                },
                {
                    "id":"2",
                    "name": "dennis_fernando_",
                    "image": "https://instagram.fmaa6-1.fna.fbcdn.net/vp/38aa6c6ee85fd7c23d9be1de5db33f8c/5D442E85/t51.2885-19/s150x150/54277280_2344271259175699_2178392427390304256_n.jpg?_nc_ht=instagram.fmaa6-1.fna.fbcdn.net"
                }
            ],
            "comment": "1",
            "commentBy": [
                {
                    "id":"1",
                    "image": "https://instagram.fmaa6-1.fna.fbcdn.net/vp/6aab6f5718c7526c4f2dee39a15c549a/5D3E08DD/t51.2885-19/s150x150/56759087_1638936099583523_890775998147067904_n.jpg?_nc_ht=instagram.fmaa6-1.fna.fbcdn.net",
                    "name": "eric_delito",
                    "comment": "wellcome"
                }
            ]
        },
        {
            "id":"5",
            "image": "https://images.unsplash.com/photo-1511765224389-37f0e77cf0eb?w=500&h=500&fit=crop",
            "likes":"1",
            "likesBy": [
                {
                    "id":"1",
                    "image": "https://instagram.fmaa6-1.fna.fbcdn.net/vp/6aab6f5718c7526c4f2dee39a15c549a/5D3E08DD/t51.2885-19/s150x150/56759087_1638936099583523_890775998147067904_n.jpg?_nc_ht=instagram.fmaa6-1.fna.fbcdn.net",
                    "name": "eric_delito"
                }
            ],
            "comment": "1",
            "commentBy": [
                {
                    "id":"1",
                    "image": "https://instagram.fmaa6-1.fna.fbcdn.net/vp/6aab6f5718c7526c4f2dee39a15c549a/5D3E08DD/t51.2885-19/s150x150/56759087_1638936099583523_890775998147067904_n.jpg?_nc_ht=instagram.fmaa6-1.fna.fbcdn.net",
                    "name": "eric_delito",
                    "comment": "nice bro......."
                }
            ]
        },
        {
            "id":"6",
            "image": "https://images.unsplash.com/photo-1511765224389-37f0e77cf0eb?w=500&h=500&fit=crop",
            "likes":"1",
            "likesBy": [
                {
                    "id":"3",
                    "name": "mahesh_kunv",
                    "image": "https://instagram.fmaa6-1.fna.fbcdn.net/vp/88bfc6e32bc010e5688ff7f9000f3f64/5D2B251A/t51.2885-19/s150x150/45908743_271048140116472_3028806139660730368_n.jpg?_nc_ht=instagram.fmaa6-1.fna.fbcdn.net"
                }
            ],
            "comment": "1",
            "commentBy": [
                {
                    "id":"3",
                    "name": "mahesh_kunv",
                    "image": "https://instagram.fmaa6-1.fna.fbcdn.net/vp/88bfc6e32bc010e5688ff7f9000f3f64/5D2B251A/t51.2885-19/s150x150/45908743_271048140116472_3028806139660730368_n.jpg?_nc_ht=instagram.fmaa6-1.fna.fbcdn.net",
                    "comment": "mass pic bro"
                }
            ]
        }
    ]
}