{"v":"5.5.1","fr":29.9700012207031,"ip":0,"op":90.0000036657751,"w":1920,"h":1080,"nm":"Comp 1","ddd":0,"assets":[{"id":"comp_0","layers":[{"ddd":0,"ind":1,"ty":4,"nm":"DEMO Outlines","sr":1,"ks":{"o":{"a":0,"k":100,"ix":11},"r":{"a":0,"k":0,"ix":10},"p":{"a":0,"k":[873.875,485.5,0],"ix":2},"a":{"a":0,"k":[47.046,-12.869,0],"ix":1},"s":{"a":1,"k":[{"i":{"x":[0.98,0.98,0.667],"y":[8.578,8.578,1]},"o":{"x":[0.189,0.189,0.167],"y":[19.286,19.286,0]},"t":70,"s":[200,200,100]},{"t":85.000003462121,"s":[200,200,100]}],"ix":6}},"ao":0,"shapes":[{"ty":"gr","it":[{"ind":0,"ty":"sh","ix":1,"ks":{"a":0,"k":{"i":[[0,0],[0,0],[0,0],[0,7.699],[7.137,0]],"o":[[0,0],[0,0],[7.172,0],[0,-7.682],[0,0]],"v":[[3.111,-23.959],[3.111,0],[10.178,0],[20.76,-11.988],[10.178,-23.959]],"c":true},"ix":2},"nm":"D","mn":"ADBE Vector Shape - Group","hd":false},{"ind":1,"ty":"sh","ix":2,"ks":{"a":0,"k":{"i":[[0,0],[0,0],[0,-6.398],[5.678,0],[0,0]],"o":[[0,0],[5.678,0],[0,6.434],[0,0],[0,0]],"v":[[5.344,-21.902],[10.107,-21.902],[18.457,-11.988],[10.107,-2.039],[5.344,-2.039]],"c":true},"ix":2},"nm":"D","mn":"ADBE Vector Shape - Group","hd":false},{"ty":"mm","mm":1,"nm":"Merge Paths 1","mn":"ADBE Vector Filter - Merge","hd":false},{"ty":"fl","c":{"a":0,"k":[0.003921568627,0.003921568627,0.003921568627,1],"ix":4},"o":{"a":0,"k":100,"ix":5},"r":1,"bm":0,"nm":"Fill 1","mn":"ADBE Vector Graphic - Fill","hd":false},{"ty":"tr","p":{"a":0,"k":[0,0],"ix":2},"a":{"a":0,"k":[0,0],"ix":1},"s":{"a":0,"k":[100,100],"ix":3},"r":{"a":0,"k":0,"ix":6},"o":{"a":0,"k":100,"ix":7},"sk":{"a":0,"k":0,"ix":4},"sa":{"a":0,"k":0,"ix":5},"nm":"Transform"}],"nm":"D","np":5,"cix":2,"bm":0,"ix":1,"mn":"ADBE Vector Group","hd":false},{"ty":"gr","it":[{"ind":0,"ty":"sh","ix":1,"ks":{"a":0,"k":{"i":[[0,0],[0,0],[0,0],[0,0],[0,0],[0,0],[0,0],[0,0],[0,0],[0,0],[0,0],[0,0]],"o":[[0,0],[0,0],[0,0],[0,0],[0,0],[0,0],[0,0],[0,0],[0,0],[0,0],[0,0],[0,0]],"v":[[39.744,-2.039],[28.002,-2.039],[28.002,-11.25],[39.129,-11.25],[39.129,-13.271],[28.002,-13.271],[28.002,-21.902],[39.744,-21.902],[39.744,-23.959],[25.77,-23.959],[25.77,0],[39.744,0]],"c":true},"ix":2},"nm":"E","mn":"ADBE Vector Shape - Group","hd":false},{"ty":"fl","c":{"a":0,"k":[0.003921568627,0.003921568627,0.003921568627,1],"ix":4},"o":{"a":0,"k":100,"ix":5},"r":1,"bm":0,"nm":"Fill 1","mn":"ADBE Vector Graphic - Fill","hd":false},{"ty":"tr","p":{"a":0,"k":[0,0],"ix":2},"a":{"a":0,"k":[0,0],"ix":1},"s":{"a":0,"k":[100,100],"ix":3},"r":{"a":0,"k":0,"ix":6},"o":{"a":0,"k":100,"ix":7},"sk":{"a":0,"k":0,"ix":4},"sa":{"a":0,"k":0,"ix":5},"nm":"Transform"}],"nm":"E","np":3,"cix":2,"bm":0,"ix":2,"mn":"ADBE Vector Group","hd":false},{"ty":"gr","it":[{"ind":0,"ty":"sh","ix":1,"ks":{"a":0,"k":{"i":[[0,0],[0,0],[0,0],[0,0],[0,0],[0,0],[0,0],[0,0],[0,0],[0,0],[0,0],[0,0],[0,0],[0,0],[0,0],[0,0]],"o":[[0,0],[0,0],[0,0],[0,0],[0,0],[0,0],[0,0],[0,0],[0,0],[0,0],[0,0],[0,0],[0,0],[0,0],[0,0],[0,0]],"v":[[47.092,0],[47.092,-18.932],[47.162,-18.932],[54.703,-1.846],[56.742,-1.846],[64.301,-18.932],[64.371,-18.932],[64.371,0],[66.41,0],[66.41,-23.959],[64.248,-23.959],[55.758,-4.359],[55.688,-4.359],[47.215,-23.959],[45.035,-23.959],[45.035,0]],"c":true},"ix":2},"nm":"M","mn":"ADBE Vector Shape - Group","hd":false},{"ty":"fl","c":{"a":0,"k":[0.003921568627,0.003921568627,0.003921568627,1],"ix":4},"o":{"a":0,"k":100,"ix":5},"r":1,"bm":0,"nm":"Fill 1","mn":"ADBE Vector Graphic - Fill","hd":false},{"ty":"tr","p":{"a":0,"k":[0,0],"ix":2},"a":{"a":0,"k":[0,0],"ix":1},"s":{"a":0,"k":[100,100],"ix":3},"r":{"a":0,"k":0,"ix":6},"o":{"a":0,"k":100,"ix":7},"sk":{"a":0,"k":0,"ix":4},"sa":{"a":0,"k":0,"ix":5},"nm":"Transform"}],"nm":"M","np":3,"cix":2,"bm":0,"ix":3,"mn":"ADBE Vector Group","hd":false},{"ty":"gr","it":[{"ind":0,"ty":"sh","ix":1,"ks":{"a":0,"k":{"i":[[0,0],[-4.166,0],[0,-5.467],[0,0],[4.201,0],[0,5.467]],"o":[[0,-5.467],[4.184,0],[0,0],[0,5.467],[-4.184,0],[0,0]],"v":[[73.951,-13.869],[81.07,-22.447],[88.207,-13.869],[88.207,-9.914],[81.07,-1.512],[73.951,-9.914]],"c":true},"ix":2},"nm":"O","mn":"ADBE Vector Shape - Group","hd":false},{"ind":1,"ty":"sh","ix":2,"ks":{"a":0,"k":{"i":[[0,0],[-5.748,0],[0,6.592],[0,0],[5.748,0],[0,-6.609]],"o":[[0,6.592],[5.748,0],[0,0],[0,-6.609],[-5.748,0],[0,0]],"v":[[71.719,-9.949],[81.053,0.527],[90.439,-9.949],[90.439,-13.816],[81.105,-24.486],[71.719,-13.834]],"c":true},"ix":2},"nm":"O","mn":"ADBE Vector Shape - Group","hd":false},{"ty":"mm","mm":1,"nm":"Merge Paths 1","mn":"ADBE Vector Filter - Merge","hd":false},{"ty":"fl","c":{"a":0,"k":[0.003921568627,0.003921568627,0.003921568627,1],"ix":4},"o":{"a":0,"k":100,"ix":5},"r":1,"bm":0,"nm":"Fill 1","mn":"ADBE Vector Graphic - Fill","hd":false},{"ty":"tr","p":{"a":0,"k":[0,0],"ix":2},"a":{"a":0,"k":[0,0],"ix":1},"s":{"a":0,"k":[100,100],"ix":3},"r":{"a":0,"k":0,"ix":6},"o":{"a":0,"k":100,"ix":7},"sk":{"a":0,"k":0,"ix":4},"sa":{"a":0,"k":0,"ix":5},"nm":"Transform"}],"nm":"O","np":5,"cix":2,"bm":0,"ix":4,"mn":"ADBE Vector Group","hd":false}],"ip":0,"op":150.000006109625,"st":0,"bm":0},{"ddd":0,"ind":2,"ty":4,"nm":"Request Outlines","parent":1,"sr":1,"ks":{"o":{"a":0,"k":100,"ix":11},"r":{"a":0,"k":0,"ix":10},"p":{"a":0,"k":[2.162,-28.692,0],"ix":2},"a":{"a":0,"k":[0,0,0],"ix":1},"s":{"a":0,"k":[29.536,29.536,100],"ix":6}},"ao":0,"shapes":[{"ty":"gr","it":[{"ind":0,"ty":"sh","ix":1,"ks":{"a":0,"k":{"i":[[4.975,0],[0,0],[0,0],[0,0],[0,0],[0,0],[0,0],[0,0],[0,0],[0,3.867]],"o":[[0,0],[0,0],[0,0],[0,0],[0,0],[0,0],[0,0],[0,0],[2.443,-0.738],[0,-3.779]],"v":[[11.355,-23.959],[3.111,-23.959],[3.111,0],[5.344,0],[5.344,-9.967],[11.813,-9.967],[16.629,0],[19.213,0],[14.063,-10.424],[18.791,-17.033]],"c":true},"ix":2},"nm":"R","mn":"ADBE Vector Shape - Group","hd":false},{"ind":1,"ty":"sh","ix":2,"ks":{"a":0,"k":{"i":[[0,0],[0,0],[0,0],[0,-3.252],[3.551,0]],"o":[[0,0],[0,0],[3.322,0],[0,3.076],[0,0]],"v":[[5.344,-12.006],[5.344,-21.92],[11.057,-21.92],[16.488,-16.893],[10.969,-12.006]],"c":true},"ix":2},"nm":"R","mn":"ADBE Vector Shape - Group","hd":false},{"ty":"mm","mm":1,"nm":"Merge Paths 1","mn":"ADBE Vector Filter - Merge","hd":false},{"ty":"fl","c":{"a":0,"k":[0.003921568627,0.003921568627,0.003921568627,1],"ix":4},"o":{"a":0,"k":100,"ix":5},"r":1,"bm":0,"nm":"Fill 1","mn":"ADBE Vector Graphic - Fill","hd":false},{"ty":"tr","p":{"a":0,"k":[0,0],"ix":2},"a":{"a":0,"k":[0,0],"ix":1},"s":{"a":0,"k":[100,100],"ix":3},"r":{"a":0,"k":0,"ix":6},"o":{"a":0,"k":100,"ix":7},"sk":{"a":0,"k":0,"ix":4},"sa":{"a":0,"k":0,"ix":5},"nm":"Transform"}],"nm":"R","np":5,"cix":2,"bm":0,"ix":1,"mn":"ADBE Vector Group","hd":false},{"ty":"gr","it":[{"ind":0,"ty":"sh","ix":1,"ks":{"a":0,"k":{"i":[[-4.658,0],[-0.563,2.725],[0,0],[2.637,0],[0,4.008],[0,0],[0,0],[0,0],[4.57,0],[0,-5.08],[0,0]],"o":[[4.078,0],[0,0],[-0.475,1.723],[-3.322,0],[0,0],[0,0],[0,0],[0,-5.273],[-4.623,0],[0,0],[0,5.238]],"v":[[30.393,0.299],[37.318,-4.781],[35.086,-4.781],[30.463,-1.617],[25.137,-8.156],[25.137,-8.701],[37.582,-8.701],[37.582,-10.09],[30.252,-18.633],[22.922,-10.248],[22.922,-8.209]],"c":true},"ix":2},"nm":"e","mn":"ADBE Vector Shape - Group","hd":false},{"ind":1,"ty":"sh","ix":2,"ks":{"a":0,"k":{"i":[[0,0],[0,0],[-3.094,0],[0,-3.551],[0,0]],"o":[[0,0],[0,-3.551],[3.076,0],[0,0],[0,0]],"v":[[25.137,-10.617],[25.137,-10.67],[30.252,-16.717],[35.367,-10.67],[35.367,-10.617]],"c":true},"ix":2},"nm":"e","mn":"ADBE Vector Shape - Group","hd":false},{"ty":"mm","mm":1,"nm":"Merge Paths 1","mn":"ADBE Vector Filter - Merge","hd":false},{"ty":"fl","c":{"a":0,"k":[0.003921568627,0.003921568627,0.003921568627,1],"ix":4},"o":{"a":0,"k":100,"ix":5},"r":1,"bm":0,"nm":"Fill 1","mn":"ADBE Vector Graphic - Fill","hd":false},{"ty":"tr","p":{"a":0,"k":[0,0],"ix":2},"a":{"a":0,"k":[0,0],"ix":1},"s":{"a":0,"k":[100,100],"ix":3},"r":{"a":0,"k":0,"ix":6},"o":{"a":0,"k":100,"ix":7},"sk":{"a":0,"k":0,"ix":4},"sa":{"a":0,"k":0,"ix":5},"nm":"Transform"}],"nm":"e","np":5,"cix":2,"bm":0,"ix":2,"mn":"ADBE Vector Group","hd":false},{"ty":"gr","it":[{"ind":0,"ty":"sh","ix":1,"ks":{"a":0,"k":{"i":[[0,-5.186],[0,0],[-4.236,0],[-0.65,1.389],[0,0],[0,0],[0,0],[0,0],[0,0],[0,0],[0,0],[3.111,0]],"o":[[0,0],[0,5.203],[3.234,0],[0,0],[0,0],[0,0],[0,0],[0,0],[0,0],[0,0],[-0.932,-1.652],[-4.131,0]],"v":[[41.678,-10.301],[41.678,-8.156],[48.779,0.299],[54.51,-2.971],[54.58,-2.971],[54.58,6.24],[56.777,6.24],[56.777,-18.334],[54.668,-18.334],[54.668,-15.398],[54.598,-15.398],[48.814,-18.633]],"c":true},"ix":2},"nm":"q","mn":"ADBE Vector Shape - Group","hd":false},{"ind":1,"ty":"sh","ix":2,"ks":{"a":0,"k":{"i":[[-3.041,0],[0,-3.832],[0,0],[3.463,0],[0,4.113],[0,0]],"o":[[3.393,0],[0,0],[0,3.779],[-3.182,0],[0,0],[0,-4.271]],"v":[[49.131,-16.646],[54.615,-10.125],[54.615,-8.262],[49.148,-1.652],[43.893,-8.297],[43.893,-10.107]],"c":true},"ix":2},"nm":"q","mn":"ADBE Vector Shape - Group","hd":false},{"ty":"mm","mm":1,"nm":"Merge Paths 1","mn":"ADBE Vector Filter - Merge","hd":false},{"ty":"fl","c":{"a":0,"k":[0.003921568627,0.003921568627,0.003921568627,1],"ix":4},"o":{"a":0,"k":100,"ix":5},"r":1,"bm":0,"nm":"Fill 1","mn":"ADBE Vector Graphic - Fill","hd":false},{"ty":"tr","p":{"a":0,"k":[0,0],"ix":2},"a":{"a":0,"k":[0,0],"ix":1},"s":{"a":0,"k":[100,100],"ix":3},"r":{"a":0,"k":0,"ix":6},"o":{"a":0,"k":100,"ix":7},"sk":{"a":0,"k":0,"ix":4},"sa":{"a":0,"k":0,"ix":5},"nm":"Transform"}],"nm":"q","np":5,"cix":2,"bm":0,"ix":3,"mn":"ADBE Vector Group","hd":false},{"ty":"gr","it":[{"ind":0,"ty":"sh","ix":1,"ks":{"a":0,"k":{"i":[[0,0],[0,0],[0,0],[3.164,0],[0,3.41],[0,0],[0,0],[0,0],[-3.709,0],[-0.633,1.564],[0,0],[0,0],[0,0]],"o":[[0,0],[0,0],[0,3.094],[-2.742,0],[0,0],[0,0],[0,0],[0,4.184],[3.129,0],[0,0],[0,0],[0,0],[0,0]],"v":[[76.57,-18.334],[74.355,-18.334],[74.355,-7.084],[69.24,-1.723],[64.494,-6.592],[64.494,-18.334],[62.279,-18.334],[62.279,-5.994],[68.713,0.299],[74.268,-2.795],[74.373,-2.795],[74.373,0],[76.57,0]],"c":true},"ix":2},"nm":"u","mn":"ADBE Vector Shape - Group","hd":false},{"ty":"fl","c":{"a":0,"k":[0.003921568627,0.003921568627,0.003921568627,1],"ix":4},"o":{"a":0,"k":100,"ix":5},"r":1,"bm":0,"nm":"Fill 1","mn":"ADBE Vector Graphic - Fill","hd":false},{"ty":"tr","p":{"a":0,"k":[0,0],"ix":2},"a":{"a":0,"k":[0,0],"ix":1},"s":{"a":0,"k":[100,100],"ix":3},"r":{"a":0,"k":0,"ix":6},"o":{"a":0,"k":100,"ix":7},"sk":{"a":0,"k":0,"ix":4},"sa":{"a":0,"k":0,"ix":5},"nm":"Transform"}],"nm":"u","np":3,"cix":2,"bm":0,"ix":4,"mn":"ADBE Vector Group","hd":false},{"ty":"gr","it":[{"ind":0,"ty":"sh","ix":1,"ks":{"a":0,"k":{"i":[[-4.658,0],[-0.563,2.725],[0,0],[2.637,0],[0,4.008],[0,0],[0,0],[0,0],[4.57,0],[0,-5.08],[0,0]],"o":[[4.078,0],[0,0],[-0.475,1.723],[-3.322,0],[0,0],[0,0],[0,0],[0,-5.273],[-4.623,0],[0,0],[0,5.238]],"v":[[88.98,0.299],[95.906,-4.781],[93.674,-4.781],[89.051,-1.617],[83.725,-8.156],[83.725,-8.701],[96.17,-8.701],[96.17,-10.09],[88.84,-18.633],[81.51,-10.248],[81.51,-8.209]],"c":true},"ix":2},"nm":"e","mn":"ADBE Vector Shape - Group","hd":false},{"ind":1,"ty":"sh","ix":2,"ks":{"a":0,"k":{"i":[[0,0],[0,0],[-3.094,0],[0,-3.551],[0,0]],"o":[[0,0],[0,-3.551],[3.076,0],[0,0],[0,0]],"v":[[83.725,-10.617],[83.725,-10.67],[88.84,-16.717],[93.955,-10.67],[93.955,-10.617]],"c":true},"ix":2},"nm":"e","mn":"ADBE Vector Shape - Group","hd":false},{"ty":"mm","mm":1,"nm":"Merge Paths 1","mn":"ADBE Vector Filter - Merge","hd":false},{"ty":"fl","c":{"a":0,"k":[0.003921568627,0.003921568627,0.003921568627,1],"ix":4},"o":{"a":0,"k":100,"ix":5},"r":1,"bm":0,"nm":"Fill 1","mn":"ADBE Vector Graphic - Fill","hd":false},{"ty":"tr","p":{"a":0,"k":[0,0],"ix":2},"a":{"a":0,"k":[0,0],"ix":1},"s":{"a":0,"k":[100,100],"ix":3},"r":{"a":0,"k":0,"ix":6},"o":{"a":0,"k":100,"ix":7},"sk":{"a":0,"k":0,"ix":4},"sa":{"a":0,"k":0,"ix":5},"nm":"Transform"}],"nm":"e","np":5,"cix":2,"bm":0,"ix":5,"mn":"ADBE Vector Group","hd":false},{"ty":"gr","it":[{"ind":0,"ty":"sh","ix":1,"ks":{"a":0,"k":{"i":[[0,-3.604],[-3.445,-0.809],[0,-2.232],[2.918,0],[0.193,1.635],[0,0],[-4.219,0],[0,3.604],[3.375,0.703],[0,2.162],[-2.373,0],[-0.07,-1.424],[0,0],[4.395,0]],"o":[[0,3.217],[2.936,0.668],[0,2.004],[-3.023,0],[0,0],[0,2.883],[4.025,0],[0,-3.586],[-2.479,-0.545],[0,-2.145],[3.252,0],[0,0],[0,-2.619],[-3.516,0]],"v":[[100.301,-13.324],[106.436,-8.314],[111.34,-4.957],[106.682,-1.617],[102.041,-4.816],[99.879,-4.816],[106.523,0.299],[113.537,-5.186],[107.156,-10.266],[102.498,-13.535],[106.717,-16.734],[111.023,-13.377],[113.115,-13.377],[106.805,-18.633]],"c":true},"ix":2},"nm":"s","mn":"ADBE Vector Shape - Group","hd":false},{"ty":"fl","c":{"a":0,"k":[0.003921568627,0.003921568627,0.003921568627,1],"ix":4},"o":{"a":0,"k":100,"ix":5},"r":1,"bm":0,"nm":"Fill 1","mn":"ADBE Vector Graphic - Fill","hd":false},{"ty":"tr","p":{"a":0,"k":[0,0],"ix":2},"a":{"a":0,"k":[0,0],"ix":1},"s":{"a":0,"k":[100,100],"ix":3},"r":{"a":0,"k":0,"ix":6},"o":{"a":0,"k":100,"ix":7},"sk":{"a":0,"k":0,"ix":4},"sa":{"a":0,"k":0,"ix":5},"nm":"Transform"}],"nm":"s","np":3,"cix":2,"bm":0,"ix":6,"mn":"ADBE Vector Group","hd":false},{"ty":"gr","it":[{"ind":0,"ty":"sh","ix":1,"ks":{"a":0,"k":{"i":[[0,0],[0,0],[0,0],[0,0],[0,0],[-3.938,0],[-0.281,0.07],[0,0],[0.404,0],[0,2.25],[0,0],[0,0],[0,0],[0,0],[0,0],[0,0]],"o":[[0,0],[0,0],[0,0],[0,0],[0,3.428],[0.686,0],[0,0],[-0.299,0.053],[-2.32,0],[0,0],[0,0],[0,0],[0,0],[0,0],[0,0],[0,0]],"v":[[119.162,-18.334],[116.525,-18.334],[116.525,-16.436],[119.162,-16.436],[119.162,-4.746],[123.979,0.176],[125.561,0.035],[125.561,-1.793],[124.488,-1.723],[121.377,-4.553],[121.377,-16.436],[125.385,-16.436],[125.385,-18.334],[121.377,-18.334],[121.377,-22.887],[119.162,-22.887]],"c":true},"ix":2},"nm":"t","mn":"ADBE Vector Shape - Group","hd":false},{"ty":"fl","c":{"a":0,"k":[0.003921568627,0.003921568627,0.003921568627,1],"ix":4},"o":{"a":0,"k":100,"ix":5},"r":1,"bm":0,"nm":"Fill 1","mn":"ADBE Vector Graphic - Fill","hd":false},{"ty":"tr","p":{"a":0,"k":[0,0],"ix":2},"a":{"a":0,"k":[0,0],"ix":1},"s":{"a":0,"k":[100,100],"ix":3},"r":{"a":0,"k":0,"ix":6},"o":{"a":0,"k":100,"ix":7},"sk":{"a":0,"k":0,"ix":4},"sa":{"a":0,"k":0,"ix":5},"nm":"Transform"}],"nm":"t","np":3,"cix":2,"bm":0,"ix":7,"mn":"ADBE Vector Group","hd":false}],"ip":0,"op":150.000006109625,"st":0,"bm":0},{"ddd":0,"ind":3,"ty":4,"nm":"symbol Outlines","sr":1,"ks":{"o":{"a":0,"k":100,"ix":11},"r":{"a":0,"k":0,"ix":10},"p":{"a":0,"k":[674.572,485.579,0],"ix":2},"a":{"a":0,"k":[48.004,48.354,0],"ix":1},"s":{"a":0,"k":[100,100,100],"ix":6}},"ao":0,"shapes":[{"ty":"gr","it":[{"ind":0,"ty":"sh","ix":1,"ks":{"a":0,"k":{"i":[[1.278,-1.296],[0,0],[0.789,0.789],[0,0],[-1.823,0],[0,0],[0,1.128],[0,0],[0,0],[0,0],[0,0],[0,0],[0,0],[0,0],[0,0],[-1.128,0],[0,0]],"o":[[0,0],[-0.789,0.789],[0,0],[-1.278,-1.296],[0,0],[1.128,0],[0,0],[0,0],[0,0],[0,0],[0,0],[0,0],[0,0],[0,0],[0,1.128],[0,0],[1.823,0]],"v":[[26.826,1.945],[1.438,27.314],[-1.437,27.314],[-26.825,1.945],[-25.379,-1.55],[-12.036,-1.55],[-10.007,-3.58],[-10.007,-28.103],[-8.147,-28.103],[-8.147,-27.652],[-7.808,-27.972],[8.147,-27.972],[8.147,-28.103],[9.988,-28.103],[9.988,-3.58],[12.037,-1.55],[25.379,-1.55]],"c":true},"ix":2},"nm":"Path 1","mn":"ADBE Vector Shape - Group","hd":false},{"ty":"fl","c":{"a":0,"k":[1,1,1,1],"ix":4},"o":{"a":0,"k":100,"ix":5},"r":1,"bm":0,"nm":"Fill 1","mn":"ADBE Vector Graphic - Fill","hd":false},{"ty":"tr","p":{"a":0,"k":[48.004,28.353],"ix":2},"a":{"a":0,"k":[0,0],"ix":1},"s":{"a":0,"k":[100,100],"ix":3},"r":{"a":0,"k":0,"ix":6},"o":{"a":0,"k":100,"ix":7},"sk":{"a":0,"k":0,"ix":4},"sa":{"a":0,"k":0,"ix":5},"nm":"Transform"}],"nm":"Group 1","np":4,"cix":2,"bm":0,"ix":1,"mn":"ADBE Vector Group","hd":false},{"ty":"gr","it":[{"ind":0,"ty":"sh","ix":1,"ks":{"a":0,"k":{"i":[[-0.019,-1.222],[0.076,-0.451],[4.285,-1.109],[2.142,0],[22.081,0.019],[2.085,0.563],[0.564,4.942],[0.075,0.451],[-0.019,1.222],[-2.8,16.123],[-5.863,0.038],[-6.164,0],[0,0],[0,0],[0,0],[0,0],[0,0],[0,0],[-6.032,-0.037],[-1.071,-6.014],[-2.669,-16.161]],"o":[[-0.075,0.432],[-0.563,4.923],[-2.086,0.545],[-22.081,0.019],[-2.142,0],[-4.285,-1.109],[-0.075,-0.451],[0.019,-1.222],[2.669,-16.142],[0.977,-5.713],[6.145,-0.056],[0,0],[0,0],[0,0],[0,0],[0,0],[0,0],[6.051,0],[6.258,0.019],[2.819,16.142],[0.018,1.222]],"v":[[48.004,25.744],[47.778,27.078],[39.491,35.14],[33.121,35.647],[-33.121,35.647],[-39.491,35.14],[-47.779,27.078],[-48.004,25.744],[-47.948,22.079],[-39.905,-26.366],[-28.479,-35.631],[-10.007,-35.65],[-8.146,-35.65],[-8.146,-35.198],[-7.808,-35.518],[8.146,-35.518],[8.146,-35.65],[9.988,-35.65],[28.122,-35.631],[39.886,-26.385],[47.929,22.079]],"c":true},"ix":2},"nm":"Path 1","mn":"ADBE Vector Shape - Group","hd":false},{"ty":"fl","c":{"a":0,"k":[0.77254909277,0.917647123337,0.894117712975,1],"ix":4},"o":{"a":0,"k":100,"ix":5},"r":1,"bm":0,"nm":"Fill 1","mn":"ADBE Vector Graphic - Fill","hd":false},{"ty":"tr","p":{"a":0,"k":[48.004,35.899],"ix":2},"a":{"a":0,"k":[0,0],"ix":1},"s":{"a":0,"k":[100,100],"ix":3},"r":{"a":0,"k":0,"ix":6},"o":{"a":0,"k":100,"ix":7},"sk":{"a":0,"k":0,"ix":4},"sa":{"a":0,"k":0,"ix":5},"nm":"Transform"}],"nm":"Group 2","np":2,"cix":2,"bm":0,"ix":2,"mn":"ADBE Vector Group","hd":false},{"ty":"gr","it":[{"ind":0,"ty":"sh","ix":1,"ks":{"a":0,"k":{"i":[[-0.042,-2.782],[2.764,-0.119],[0.03,2.957],[-2.94,-0.045]],"o":[[0.042,2.754],[-2.931,0.125],[-0.03,-2.969],[2.768,0.042]],"v":[[5.308,-0.103],[0.191,5.297],[-5.319,0.027],[0.059,-5.378]],"c":true},"ix":2},"nm":"Path 1","mn":"ADBE Vector Shape - Group","hd":false},{"ty":"gr","it":[{"ind":0,"ty":"sh","ix":1,"ks":{"a":0,"k":{"i":[[0,0],[0,0],[0,0],[0,0]],"o":[[0,0],[0,0],[0,0],[0,0]],"v":[[-704.142,559.339],[1215.858,559.339],[1215.858,-520.661],[-704.142,-520.661]],"c":true},"ix":2},"nm":"Path 1","mn":"ADBE Vector Shape - Group","hd":false},{"ind":1,"ty":"sh","ix":2,"ks":{"a":0,"k":{"i":[[0,0],[0,0],[0,0],[0,0]],"o":[[0,0],[0,0],[0,0],[0,0]],"v":[[-704.142,-520.661],[1215.858,-520.661],[1215.858,559.339],[-704.142,559.339]],"c":true},"ix":2},"nm":"Path 2","mn":"ADBE Vector Shape - Group","hd":false},{"ty":"tr","p":{"a":0,"k":[0,0],"ix":2},"a":{"a":0,"k":[0,0],"ix":1},"s":{"a":0,"k":[100,100],"ix":3},"r":{"a":0,"k":0,"ix":6},"o":{"a":0,"k":100,"ix":7},"sk":{"a":0,"k":0,"ix":4},"sa":{"a":0,"k":0,"ix":5},"nm":"Transform"}],"nm":"Group 1","np":2,"cix":2,"bm":0,"ix":2,"mn":"ADBE Vector Group","hd":false},{"ty":"fl","c":{"a":0,"k":[1,1,1,1],"ix":4},"o":{"a":0,"k":100,"ix":5},"r":1,"bm":0,"nm":"Fill 1","mn":"ADBE Vector Graphic - Fill","hd":false},{"ty":"tr","p":{"a":0,"k":[77.574,83.436],"ix":2},"a":{"a":0,"k":[0,0],"ix":1},"s":{"a":0,"k":[100,100],"ix":3},"r":{"a":0,"k":0,"ix":6},"o":{"a":0,"k":100,"ix":7},"sk":{"a":0,"k":0,"ix":4},"sa":{"a":0,"k":0,"ix":5},"nm":"Transform"}],"nm":"Group 3","np":3,"cix":2,"bm":0,"ix":3,"mn":"ADBE Vector Group","hd":false},{"ty":"gr","it":[{"ind":0,"ty":"sh","ix":1,"ks":{"a":0,"k":{"i":[[0,0],[-5.851,0.026],[-23.074,-0.102],[-2.704,5.491],[-0.047,-8.371],[4.969,-0.858],[0,0],[1.14,5]],"o":[[2.695,5.506],[23.075,-0.1],[5.857,0.027],[0.047,8.37],[-1.119,5.013],[0,0],[-4.974,-0.854],[0,0]],"v":[[-47.775,-16.866],[-34.603,-9.665],[34.621,-9.664],[47.795,-16.867],[47.937,8.244],[38.633,16.867],[-38.618,16.867],[-47.938,8.249]],"c":true},"ix":2},"nm":"Path 1","mn":"ADBE Vector Shape - Group","hd":false},{"ty":"fl","c":{"a":0,"k":[0.13300000359,0.6,0.545000023935,1],"ix":4},"o":{"a":0,"k":100,"ix":5},"r":1,"bm":0,"nm":"Fill 1","mn":"ADBE Vector Graphic - Fill","hd":false},{"ty":"tr","p":{"a":0,"k":[47.993,79.841],"ix":2},"a":{"a":0,"k":[0,0],"ix":1},"s":{"a":0,"k":[100,100],"ix":3},"r":{"a":0,"k":0,"ix":6},"o":{"a":0,"k":10,"ix":7},"sk":{"a":0,"k":0,"ix":4},"sa":{"a":0,"k":0,"ix":5},"nm":"Transform"}],"nm":"Group 4","np":4,"cix":2,"bm":0,"ix":4,"mn":"ADBE Vector Group","hd":false}],"ip":0,"op":90.0000036657751,"st":0,"bm":0},{"ddd":0,"ind":4,"ty":4,"nm":"little circle Outlines","sr":1,"ks":{"o":{"a":0,"k":100,"ix":11},"r":{"a":0,"k":0,"ix":10},"p":{"a":1,"k":[{"i":{"x":0.833,"y":0.833},"o":{"x":0.333,"y":0},"t":0,"s":[964.105,588.459,0],"to":[-15.833,-198,0],"ti":[-21,-284,0]},{"i":{"x":0.667,"y":1},"o":{"x":0.167,"y":0.167},"t":30,"s":[1315.105,588.459,0],"to":[-54.617,356.801,0],"ti":[-46.167,191,0]},{"t":60.0000024438501,"s":[964.1,588.459,0]}],"ix":2},"a":{"a":0,"k":[22.011,22.011,0],"ix":1},"s":{"a":0,"k":[100,100,100],"ix":6}},"ao":0,"shapes":[{"ty":"gr","it":[{"ind":0,"ty":"sh","ix":1,"ks":{"a":1,"k":[{"i":{"x":0.667,"y":1},"o":{"x":0.333,"y":0},"t":65,"s":[{"i":[[0,-12.019],[12.018,0],[0,12.018],[-12.018,0]],"o":[[0,12.018],[-12.018,0],[0,-12.019],[12.018,0]],"v":[[21.761,0],[0,21.761],[-21.761,0],[0,-21.761]],"c":true}]},{"i":{"x":0.667,"y":1},"o":{"x":0.333,"y":0},"t":70,"s":[{"i":[[0,-12.019],[12.018,0],[0,12.018],[-15.605,-8.198]],"o":[[0,12.018],[-12.018,0],[0,-12.019],[15.396,8.088]],"v":[[21.761,0],[1,11.761],[-30.761,-20],[-2.5,-14.761]],"c":true}]},{"i":{"x":0.667,"y":1},"o":{"x":0.333,"y":0},"t":80,"s":[{"i":[[0,-12.019],[12.018,0],[0,12.018],[-15.605,-8.198]],"o":[[0,12.018],[-12.018,0],[0,-12.019],[15.396,8.088]],"v":[[21.761,0],[1,11.761],[-30.761,-20],[-2.5,-14.761]],"c":true}]},{"t":85.000003462121,"s":[{"i":[[0,-12.019],[12.018,0],[0,12.018],[-12.018,0]],"o":[[0,12.018],[-12.018,0],[0,-12.019],[12.018,0]],"v":[[21.761,0],[0,21.761],[-21.761,0],[0,-21.761]],"c":true}]}],"ix":2},"nm":"Path 1","mn":"ADBE Vector Shape - Group","hd":false},{"ty":"fl","c":{"a":0,"k":[0.216000007181,0.313999998803,0.416000007181,1],"ix":4},"o":{"a":0,"k":100,"ix":5},"r":1,"bm":0,"nm":"Fill 1","mn":"ADBE Vector Graphic - Fill","hd":false},{"ty":"tr","p":{"a":0,"k":[22.011,22.011],"ix":2},"a":{"a":0,"k":[0,0],"ix":1},"s":{"a":0,"k":[100,100],"ix":3},"r":{"a":0,"k":0,"ix":6},"o":{"a":0,"k":100,"ix":7},"sk":{"a":0,"k":0,"ix":4},"sa":{"a":0,"k":0,"ix":5},"nm":"Transform"}],"nm":"Group 1","np":4,"cix":2,"bm":0,"ix":1,"mn":"ADBE Vector Group","hd":false}],"ip":0,"op":90.0000036657751,"st":0,"bm":0},{"ddd":0,"ind":5,"ty":4,"nm":"eye 2","sr":1,"ks":{"o":{"a":0,"k":100,"ix":11},"r":{"a":0,"k":0,"ix":10},"p":{"a":0,"k":[1134.529,598.285,0],"ix":2},"a":{"a":0,"k":[132.991,153.594,0],"ix":1},"s":{"a":0,"k":[100,100,100],"ix":6}},"ao":0,"shapes":[{"ty":"gr","it":[{"ty":"gr","it":[{"ind":0,"ty":"sh","ix":1,"ks":{"a":0,"k":{"i":[[5.976,0.562],[0,0],[-0.562,5.976],[0,0],[-5.975,-0.561],[0,0],[0.562,-5.976],[0,0]],"o":[[0,0],[-5.975,-0.562],[0,0],[0.562,-5.976],[0,0],[5.975,0.561],[0,0],[-0.562,5.976]],"v":[[2.318,41.435],[-9.994,40.279],[-19.797,28.442],[-14.155,-31.631],[-2.318,-41.436],[9.994,-40.279],[19.797,-28.442],[14.155,31.631]],"c":true},"ix":2},"nm":"Path 1","mn":"ADBE Vector Shape - Group","hd":false},{"ty":"fl","c":{"a":0,"k":[1,1,1,1],"ix":4},"o":{"a":0,"k":100,"ix":5},"r":1,"bm":0,"nm":"Fill 1","mn":"ADBE Vector Graphic - Fill","hd":false},{"ty":"tr","p":{"a":0,"k":[69.987,118.424],"ix":2},"a":{"a":0,"k":[0,0],"ix":1},"s":{"a":0,"k":[100,100],"ix":3},"r":{"a":0,"k":0,"ix":6},"o":{"a":0,"k":100,"ix":7},"sk":{"a":0,"k":0,"ix":4},"sa":{"a":0,"k":0,"ix":5},"nm":"Transform"}],"nm":"Group 2","np":4,"cix":2,"bm":0,"ix":1,"mn":"ADBE Vector Group","hd":false},{"ty":"gr","it":[{"ind":0,"ty":"sh","ix":1,"ks":{"a":0,"k":{"i":[[5.976,0.561],[0,0],[-0.561,5.975],[0,0],[-5.975,-0.562],[0,0],[0.562,-5.976],[0,0]],"o":[[0,0],[-5.976,-0.561],[0,0],[0.562,-5.976],[0,0],[5.975,0.561],[0,0],[-0.562,5.976]],"v":[[2.318,41.436],[-9.994,40.279],[-19.798,28.443],[-14.155,-31.631],[-2.319,-41.435],[9.994,-40.278],[19.797,-28.442],[14.155,31.632]],"c":true},"ix":2},"nm":"Path 1","mn":"ADBE Vector Shape - Group","hd":false},{"ty":"fl","c":{"a":0,"k":[1,1,1,1],"ix":4},"o":{"a":0,"k":100,"ix":5},"r":1,"bm":0,"nm":"Fill 1","mn":"ADBE Vector Graphic - Fill","hd":false},{"ty":"tr","p":{"a":0,"k":[155.606,126.466],"ix":2},"a":{"a":0,"k":[0,0],"ix":1},"s":{"a":0,"k":[100,100],"ix":3},"r":{"a":0,"k":0,"ix":6},"o":{"a":0,"k":100,"ix":7},"sk":{"a":0,"k":0,"ix":4},"sa":{"a":0,"k":0,"ix":5},"nm":"Transform"}],"nm":"Group 3","np":2,"cix":2,"bm":0,"ix":2,"mn":"ADBE Vector Group","hd":false},{"ty":"rd","nm":"Round Corners 1","r":{"a":0,"k":10,"ix":1},"ix":3,"mn":"ADBE Vector Filter - RC","hd":false},{"ty":"tr","p":{"a":0,"k":[-41.538,95.309],"ix":2},"a":{"a":0,"k":[-41.538,95.309],"ix":1},"s":{"a":0,"k":[100,100],"ix":3},"r":{"a":0,"k":0,"ix":6},"o":{"a":0,"k":100,"ix":7},"sk":{"a":0,"k":0,"ix":4},"sa":{"a":0,"k":0,"ix":5},"nm":"Transform"}],"nm":"eye","np":3,"cix":2,"bm":0,"ix":1,"mn":"ADBE Vector Group","hd":false}],"ip":35.0000014255792,"op":90.0000036657751,"st":-35.0000014255792,"bm":0},{"ddd":0,"ind":6,"ty":4,"nm":"eye","sr":1,"ks":{"o":{"a":0,"k":100,"ix":11},"r":{"a":0,"k":0,"ix":10},"p":{"a":0,"k":[1134.529,598.285,0],"ix":2},"a":{"a":0,"k":[132.991,153.594,0],"ix":1},"s":{"a":0,"k":[100,100,100],"ix":6}},"ao":0,"shapes":[{"ty":"gr","it":[{"ty":"gr","it":[{"ind":0,"ty":"sh","ix":1,"ks":{"a":0,"k":{"i":[[5.976,0.562],[0,0],[-0.562,5.976],[0,0],[-5.975,-0.561],[0,0],[0.562,-5.976],[0,0]],"o":[[0,0],[-5.975,-0.562],[0,0],[0.562,-5.976],[0,0],[5.975,0.561],[0,0],[-0.562,5.976]],"v":[[2.318,41.435],[-9.994,40.279],[-19.797,28.442],[-14.155,-31.631],[-2.318,-41.436],[9.994,-40.279],[19.797,-28.442],[14.155,31.631]],"c":true},"ix":2},"nm":"Path 1","mn":"ADBE Vector Shape - Group","hd":false},{"ty":"fl","c":{"a":0,"k":[1,1,1,1],"ix":4},"o":{"a":0,"k":100,"ix":5},"r":1,"bm":0,"nm":"Fill 1","mn":"ADBE Vector Graphic - Fill","hd":false},{"ty":"tr","p":{"a":0,"k":[69.987,118.424],"ix":2},"a":{"a":0,"k":[0,0],"ix":1},"s":{"a":0,"k":[100,100],"ix":3},"r":{"a":0,"k":0,"ix":6},"o":{"a":0,"k":100,"ix":7},"sk":{"a":0,"k":0,"ix":4},"sa":{"a":0,"k":0,"ix":5},"nm":"Transform"}],"nm":"Group 2","np":4,"cix":2,"bm":0,"ix":1,"mn":"ADBE Vector Group","hd":false},{"ty":"gr","it":[{"ind":0,"ty":"sh","ix":1,"ks":{"a":0,"k":{"i":[[5.976,0.561],[0,0],[-0.561,5.975],[0,0],[-5.975,-0.562],[0,0],[0.562,-5.976],[0,0]],"o":[[0,0],[-5.976,-0.561],[0,0],[0.562,-5.976],[0,0],[5.975,0.561],[0,0],[-0.562,5.976]],"v":[[2.318,41.436],[-9.994,40.279],[-19.798,28.443],[-14.155,-31.631],[-2.319,-41.435],[9.994,-40.278],[19.797,-28.442],[14.155,31.632]],"c":true},"ix":2},"nm":"Path 1","mn":"ADBE Vector Shape - Group","hd":false},{"ty":"fl","c":{"a":0,"k":[1,1,1,1],"ix":4},"o":{"a":0,"k":100,"ix":5},"r":1,"bm":0,"nm":"Fill 1","mn":"ADBE Vector Graphic - Fill","hd":false},{"ty":"tr","p":{"a":0,"k":[155.606,126.466],"ix":2},"a":{"a":0,"k":[0,0],"ix":1},"s":{"a":0,"k":[100,100],"ix":3},"r":{"a":0,"k":0,"ix":6},"o":{"a":0,"k":100,"ix":7},"sk":{"a":0,"k":0,"ix":4},"sa":{"a":0,"k":0,"ix":5},"nm":"Transform"}],"nm":"Group 3","np":2,"cix":2,"bm":0,"ix":2,"mn":"ADBE Vector Group","hd":false},{"ty":"rd","nm":"Round Corners 1","r":{"a":0,"k":10,"ix":1},"ix":3,"mn":"ADBE Vector Filter - RC","hd":false},{"ty":"tr","p":{"a":0,"k":[-41.538,95.309],"ix":2},"a":{"a":0,"k":[-41.538,95.309],"ix":1},"s":{"a":0,"k":[100,100],"ix":3},"r":{"a":0,"k":0,"ix":6},"o":{"a":0,"k":100,"ix":7},"sk":{"a":0,"k":0,"ix":4},"sa":{"a":0,"k":0,"ix":5},"nm":"Transform"}],"nm":"eye","np":3,"cix":2,"bm":0,"ix":1,"mn":"ADBE Vector Group","hd":false}],"ip":0,"op":30.0000012219251,"st":-40.0000016292334,"bm":0},{"ddd":0,"ind":7,"ty":4,"nm":"logo Outlines","sr":1,"ks":{"o":{"a":0,"k":100,"ix":11},"r":{"a":0,"k":0,"ix":10},"p":{"a":0,"k":[1134.529,598.285,0],"ix":2},"a":{"a":0,"k":[132.991,153.594,0],"ix":1},"s":{"a":0,"k":[100,100,100],"ix":6}},"ao":0,"shapes":[{"ty":"gr","it":[{"ind":0,"ty":"sh","ix":1,"ks":{"a":0,"k":{"i":[[9.73,0.914],[6.224,6.78],[-1.356,1.245],[-1.246,-1.358],[-11.819,10.846],[-1.248,-1.358],[1.356,-1.244]],"o":[[-8.514,-0.8],[-1.246,-1.356],[1.356,-1.249],[10.849,11.819],[1.356,-1.247],[1.246,1.357],[-7.75,7.115]],"v":[[-2.378,8.227],[-25.371,-3.179],[-25.169,-7.893],[-20.456,-7.691],[20.656,-5.93],[25.37,-5.729],[25.169,-1.018]],"c":true},"ix":2},"nm":"Path 1","mn":"ADBE Vector Shape - Group","hd":false},{"ty":"fl","c":{"a":0,"k":[1,1,1,1],"ix":4},"o":{"a":0,"k":100,"ix":5},"r":1,"bm":0,"nm":"Fill 1","mn":"ADBE Vector Graphic - Fill","hd":false},{"ty":"tr","p":{"a":0,"k":[106.698,191.823],"ix":2},"a":{"a":0,"k":[0,0],"ix":1},"s":{"a":0,"k":[100,100],"ix":3},"r":{"a":0,"k":0,"ix":6},"o":{"a":0,"k":100,"ix":7},"sk":{"a":0,"k":0,"ix":4},"sa":{"a":0,"k":0,"ix":5},"nm":"Transform"}],"nm":"Group 1","np":4,"cix":2,"bm":0,"ix":1,"mn":"ADBE Vector Group","hd":false},{"ty":"gr","it":[{"ind":0,"ty":"sh","ix":1,"ks":{"a":0,"k":{"i":[[0.066,1.801],[4.137,11.743],[2.624,5.138],[51.731,0],[14.145,-5.271],[5.693,-3.113],[11.098,-13.278],[-1.957,-34.205],[-12.988,-21.863],[-2.135,-3.181],[-38.409,-22.24],[0,0],[-0.801,-0.446],[-0.499,-0.274],[-0.014,-0.008],[-1.154,-0.617],[-0.733,-0.4],[-1.445,-0.801],[-0.378,-0.222],[-0.378,-0.2],[0,0],[0,0],[-0.022,3.959],[0.179,9.785],[0,0.022],[-21.796,40.255],[0.223,21.862]],"o":[[-0.557,-12.188],[-1.912,-5.471],[-21.062,-43.657],[-15.99,0],[-6.138,2.158],[-14.033,7.673],[-22.373,26.733],[1.356,23.709],[1.868,3.225],[21.306,31.692],[0,0],[0.089,0],[0.383,0.213],[0.014,0.008],[1.138,0.639],[0.735,0.4],[1.713,0.956],[0.468,0.245],[1.09,0.578],[0,0],[0,0],[0,-4.071],[0.023,-10.23],[0.023,-0.045],[48.839,-0.623],[11.164,-18.371],[0,-1.779]],"v":[[132.408,-27.557],[125.357,-63.63],[118.53,-79.531],[1.078,-153.344],[-44.359,-145.155],[-62.128,-137.25],[-100.003,-105.671],[-130.783,-13.781],[-109.167,54.887],[-103.162,64.65],[-14.289,144.715],[-14.267,144.715],[-12.844,145.205],[-11.495,145.639],[-11.45,145.664],[-8.018,147.562],[-5.816,148.763],[-0.946,151.454],[0.322,152.143],[2.592,153.344],[2.547,151.053],[2.547,149.119],[2.568,137.064],[2.435,107.396],[2.503,107.307],[115.795,39.007],[132.518,-22.176]],"c":true},"ix":2},"nm":"Path 1","mn":"ADBE Vector Shape - Group","hd":false},{"ty":"fl","c":{"a":0,"k":[0.216000007181,0.313999998803,0.416000007181,1],"ix":4},"o":{"a":0,"k":100,"ix":5},"r":1,"bm":0,"nm":"Fill 1","mn":"ADBE Vector Graphic - Fill","hd":false},{"ty":"tr","p":{"a":0,"k":[132.99,153.594],"ix":2},"a":{"a":0,"k":[0,0],"ix":1},"s":{"a":0,"k":[100,100],"ix":3},"r":{"a":0,"k":0,"ix":6},"o":{"a":0,"k":100,"ix":7},"sk":{"a":0,"k":0,"ix":4},"sa":{"a":0,"k":0,"ix":5},"nm":"Transform"}],"nm":"Group 4","np":4,"cix":2,"bm":0,"ix":2,"mn":"ADBE Vector Group","hd":false}],"ip":0,"op":90.0000036657751,"st":0,"bm":0},{"ddd":0,"ind":8,"ty":4,"nm":"laptop Outlines","sr":1,"ks":{"o":{"a":0,"k":100,"ix":11},"r":{"a":0,"k":0,"ix":10},"p":{"a":0,"k":[803.098,644.169,0],"ix":2},"a":{"a":0,"k":[233.057,296.788,0],"ix":1},"s":{"a":0,"k":[100,100,100],"ix":6}},"ao":0,"shapes":[{"ty":"gr","it":[{"ind":0,"ty":"sh","ix":1,"ks":{"a":0,"k":{"i":[[-2.958,-2.86],[-10.002,-21.94],[19.456,-2.356],[13.639,29.917],[-7.821,27.169],[-17.015,-24.489],[-18.534,-19.037]],"o":[[22.766,22.017],[7.889,17.305],[-39.327,4.762],[-16.899,-37.068],[2.11,-7.33],[12.723,18.312],[2.901,2.98]],"v":[[12.011,-10.622],[68.314,52.238],[52.761,86.179],[-54.656,23.466],[-68.451,-74.152],[-33.233,-73.754],[3.207,-19.375]],"c":true},"ix":2},"nm":"Path 1","mn":"ADBE Vector Shape - Group","hd":false},{"ty":"fl","c":{"a":0,"k":[0.219999994016,0.827000038297,0.62400004069,1],"ix":4},"o":{"a":0,"k":100,"ix":5},"r":1,"bm":0,"nm":"Fill 1","mn":"ADBE Vector Graphic - Fill","hd":false},{"ty":"tr","p":{"a":0,"k":[72.122,506.985],"ix":2},"a":{"a":0,"k":[0,0],"ix":1},"s":{"a":0,"k":[100,100],"ix":3},"r":{"a":0,"k":0,"ix":6},"o":{"a":0,"k":10,"ix":7},"sk":{"a":0,"k":0,"ix":4},"sa":{"a":0,"k":0,"ix":5},"nm":"Transform"}],"nm":"Group 1","np":4,"cix":2,"bm":0,"ix":1,"mn":"ADBE Vector Group","hd":false},{"ty":"gr","it":[{"ind":0,"ty":"sh","ix":1,"ks":{"a":0,"k":{"i":[[-5.511,0.016],[-54.62,-0.159],[-0.775,6.047],[0,0]],"o":[[54.62,-0.163],[5.635,0.017],[0,0],[1.341,6.194]],"v":[[-81.603,3.891],[82.257,3.887],[91.797,-3.907],[-91.797,-3.907]],"c":true},"ix":2},"nm":"Path 1","mn":"ADBE Vector Shape - Group","hd":false},{"ty":"fl","c":{"a":0,"k":[0.447000002394,0.447000002394,0.447000002394,1],"ix":4},"o":{"a":0,"k":100,"ix":5},"r":1,"bm":0,"nm":"Fill 1","mn":"ADBE Vector Graphic - Fill","hd":false},{"ty":"tr","p":{"a":0,"k":[238.386,352.682],"ix":2},"a":{"a":0,"k":[0,0],"ix":1},"s":{"a":0,"k":[100,100],"ix":3},"r":{"a":0,"k":0,"ix":6},"o":{"a":0,"k":100,"ix":7},"sk":{"a":0,"k":0,"ix":4},"sa":{"a":0,"k":0,"ix":5},"nm":"Transform"}],"nm":"Group 2","np":4,"cix":2,"bm":0,"ix":2,"mn":"ADBE Vector Group","hd":false},{"ty":"gr","it":[{"ind":0,"ty":"sh","ix":1,"ks":{"a":0,"k":{"i":[[0.008,-70.596],[10.594,-0.055],[5.74,-0.055],[20.546,-0.043],[0,0.058],[101.71,0.006],[0.001,10.955],[-0.008,70.596],[-10.397,0.001],[-130.21,-0.006],[-0.001,-11.025]],"o":[[-0.002,10.361],[-5.74,0.03],[-12.282,-0.071],[0,-0.058],[-101.71,-0.002],[-10.854,-0.001],[-0.006,-70.595],[0.001,-10.218],[130.21,-0.006],[10.77,0.001],[0.003,70.596]],"v":[[205.989,69.028],[195.367,79.422],[178.146,79.567],[109.933,79.596],[109.933,79.421],[-195.197,79.413],[-206.073,68.441],[-206.072,-143.346],[-195.421,-153.811],[195.209,-153.811],[205.992,-142.759]],"c":true},"ix":2},"nm":"Path 1","mn":"ADBE Vector Shape - Group","hd":false},{"ind":1,"ty":"sh","ix":2,"ks":{"a":0,"k":{"i":[[-0.283,85.466],[7.898,3.819],[0,0],[-0.027,-9.041],[-0.001,-85.71],[-14.836,-0.009],[-51.478,-0.006],[2.528,-8.832],[3.596,-12.212],[-5.788,0.028],[-35.538,-0.095],[1.301,4.309],[3.956,13.192],[-6.037,-0.12],[-19.074,-0.048],[-0.007,0.046],[0,0],[-0.409,-0.014],[-0.001,0.015],[0,0],[0,0],[-15.679,0.074],[0,14.479]],"o":[[0.029,-8.738],[0,0],[-8.557,3.045],[0.267,85.709],[0,14.41],[51.478,0.028],[8.935,0.001],[-3.503,12.241],[-1.273,4.327],[35.538,-0.178],[4.347,0.011],[-3.978,-13.187],[-1.604,-5.347],[19.067,0.382],[0.009,-0.045],[0,0],[0.409,0.016],[0,-0.014],[0,0],[0,0],[15.68,-0.056],[14.866,-0.071],[0.002,-85.467]],"v":[[227.233,-154.422],[217.04,-173.184],[-215.981,-173.184],[-227.235,-155.104],[-227.075,102.026],[-207.81,120.83],[-53.375,120.844],[-47.018,129.681],[-57.446,166.424],[-52.988,173.156],[53.627,173.121],[57.768,167.579],[46.331,127.87],[51.773,120.718],[108.992,120.985],[109.015,120.848],[139.665,120.848],[140.891,120.893],[140.891,120.848],[160.696,120.848],[160.769,121.009],[207.81,120.837],[227.061,101.978]],"c":true},"ix":2},"nm":"Path 2","mn":"ADBE Vector Shape - Group","hd":false},{"ty":"mm","mm":1,"nm":"Merge Paths 1","mn":"ADBE Vector Filter - Merge","hd":false},{"ty":"fl","c":{"a":0,"k":[0.447000002394,0.447000002394,0.447000002394,1],"ix":4},"o":{"a":0,"k":100,"ix":5},"r":1,"bm":0,"nm":"Fill 1","mn":"ADBE Vector Graphic - Fill","hd":false},{"ty":"tr","p":{"a":0,"k":[238.601,173.434],"ix":2},"a":{"a":0,"k":[0,0],"ix":1},"s":{"a":0,"k":[100,100],"ix":3},"r":{"a":0,"k":0,"ix":6},"o":{"a":0,"k":100,"ix":7},"sk":{"a":0,"k":0,"ix":4},"sa":{"a":0,"k":0,"ix":5},"nm":"Transform"}],"nm":"Group 3","np":6,"cix":2,"bm":0,"ix":3,"mn":"ADBE Vector Group","hd":false},{"ty":"gr","it":[{"ind":0,"ty":"sh","ix":1,"ks":{"a":0,"k":{"i":[[0,0],[0,0],[0,0],[0,0]],"o":[[0,0],[0,0],[0,0],[0,0]],"v":[[211.804,122.375],[-211.804,122.375],[-211.804,-122.376],[211.804,-122.376]],"c":true},"ix":2},"nm":"Path 1","mn":"ADBE Vector Shape - Group","hd":false},{"ty":"fl","c":{"a":0,"k":[1,1,1,1],"ix":4},"o":{"a":0,"k":100,"ix":5},"r":1,"bm":0,"nm":"Fill 1","mn":"ADBE Vector Graphic - Fill","hd":false},{"ty":"tr","p":{"a":0,"k":[235.993,138.315],"ix":2},"a":{"a":0,"k":[0,0],"ix":1},"s":{"a":0,"k":[100,100],"ix":3},"r":{"a":0,"k":0,"ix":6},"o":{"a":0,"k":100,"ix":7},"sk":{"a":0,"k":0,"ix":4},"sa":{"a":0,"k":0,"ix":5},"nm":"Transform"}],"nm":"Group 4","np":2,"cix":2,"bm":0,"ix":4,"mn":"ADBE Vector Group","hd":false}],"ip":0,"op":90.0000036657751,"st":0,"bm":0},{"ddd":0,"ind":9,"ty":4,"nm":"pile 2 Outlines","sr":1,"ks":{"o":{"a":0,"k":100,"ix":11},"r":{"a":0,"k":0,"ix":10},"p":{"a":0,"k":[954,554,0],"ix":2},"a":{"a":0,"k":[348,356,0],"ix":1},"s":{"a":0,"k":[100,100,100],"ix":6}},"ao":0,"shapes":[{"ty":"gr","it":[{"ind":0,"ty":"sh","ix":1,"ks":{"a":0,"k":{"i":[[0,-173.496],[173.496,0],[0,173.495],[-173.496,0]],"o":[[0,173.495],[-328.64,0],[0,-173.496],[386.636,0]],"v":[[310.732,0],[-3.41,314.142],[-317.552,0],[-3.41,-314.142]],"c":true},"ix":2},"nm":"Path 1","mn":"ADBE Vector Shape - Group","hd":false},{"ty":"fl","c":{"a":0,"k":[0.13300000359,0.6,0.545000023935,1],"ix":4},"o":{"a":0,"k":100,"ix":5},"r":1,"bm":0,"nm":"Fill 1","mn":"ADBE Vector Graphic - Fill","hd":false},{"ty":"tr","p":{"a":0,"k":[340.95,382.081],"ix":2},"a":{"a":0,"k":[0,0],"ix":1},"s":{"a":0,"k":[100,100],"ix":3},"r":{"a":0,"k":0,"ix":6},"o":{"a":0,"k":10,"ix":7},"sk":{"a":0,"k":0,"ix":4},"sa":{"a":0,"k":0,"ix":5},"nm":"Transform"}],"nm":"Group 1","np":4,"cix":2,"bm":0,"ix":1,"mn":"ADBE Vector Group","hd":false},{"ty":"gr","it":[{"ind":0,"ty":"sh","ix":1,"ks":{"a":0,"k":{"i":[[182.574,-9.332],[9.547,178.454],[-182.574,9.332],[-9.547,-178.455]],"o":[[-182.574,9.331],[-18.084,-338.034],[182.574,-9.331],[21.274,397.687]],"v":[[16.96,319.788],[-330.905,13.563],[-17.612,-326.454],[330.254,-20.229]],"c":true},"ix":2},"nm":"Path 1","mn":"ADBE Vector Shape - Group","hd":false},{"ty":"fl","c":{"a":0,"k":[0.13300000359,0.6,0.545000023935,1],"ix":4},"o":{"a":0,"k":100,"ix":5},"r":1,"bm":0,"nm":"Fill 1","mn":"ADBE Vector Graphic - Fill","hd":false},{"ty":"tr","p":{"a":0,"k":[348,342.215],"ix":2},"a":{"a":0,"k":[0,0],"ix":1},"s":{"a":0,"k":[100,100],"ix":3},"r":{"a":0,"k":0,"ix":6},"o":{"a":0,"k":10,"ix":7},"sk":{"a":0,"k":0,"ix":4},"sa":{"a":0,"k":0,"ix":5},"nm":"Transform"}],"nm":"Group 3","np":4,"cix":2,"bm":0,"ix":2,"mn":"ADBE Vector Group","hd":false}],"ip":0,"op":90.0000036657751,"st":0,"bm":0},{"ddd":0,"ind":10,"ty":4,"nm":"pile 1 Outlines","sr":1,"ks":{"o":{"a":0,"k":10,"ix":11},"r":{"a":0,"k":0,"ix":10},"p":{"a":0,"k":[938.431,534.334,0],"ix":2},"a":{"a":0,"k":[397.489,414.667,0],"ix":1},"s":{"a":0,"k":[100,100,100],"ix":6}},"ao":0,"shapes":[{"ty":"gr","it":[{"ind":0,"ty":"sh","ix":1,"ks":{"a":0,"k":{"i":[[-220.167,-54.424],[-17.89,-245.205],[220.167,54.423],[-57.203,231.41]],"o":[[220.167,54.424],[25.862,354.485],[-220.167,-54.424],[57.204,-231.41]],"v":[[276.719,-394.761],[363.011,66.502],[-40.203,392.837],[-386.934,-166.584]],"c":true},"ix":2},"nm":"Path 1","mn":"ADBE Vector Shape - Group","hd":false},{"ty":"fl","c":{"a":0,"k":[0.219999994016,0.827000038297,0.62400004069,1],"ix":4},"o":{"a":0,"k":100,"ix":5},"r":1,"bm":0,"nm":"Fill 1","mn":"ADBE Vector Graphic - Fill","hd":false},{"ty":"tr","p":{"a":0,"k":[397.489,414.667],"ix":2},"a":{"a":0,"k":[0,0],"ix":1},"s":{"a":0,"k":[100,100],"ix":3},"r":{"a":0,"k":0,"ix":6},"o":{"a":0,"k":100,"ix":7},"sk":{"a":0,"k":0,"ix":4},"sa":{"a":0,"k":0,"ix":5},"nm":"Transform"}],"nm":"Group 1","np":4,"cix":2,"bm":0,"ix":1,"mn":"ADBE Vector Group","hd":false}],"ip":0,"op":90.0000036657751,"st":0,"bm":0},{"ddd":0,"ind":11,"ty":4,"nm":"bg Outlines","sr":1,"ks":{"o":{"a":0,"k":100,"ix":11},"r":{"a":0,"k":0,"ix":10},"p":{"a":0,"k":[938,534,0],"ix":2},"a":{"a":0,"k":[422,439,0],"ix":1},"s":{"a":0,"k":[100,100,100],"ix":6}},"ao":0,"ef":[{"ty":25,"nm":"Drop Shadow","np":9,"mn":"ADBE Drop Shadow","ix":1,"en":1,"ef":[{"ty":2,"nm":"Shadow Color","mn":"ADBE Drop Shadow-0001","ix":1,"v":{"a":0,"k":[0,0,0,1],"ix":1}},{"ty":0,"nm":"Opacity","mn":"ADBE Drop Shadow-0002","ix":2,"v":{"a":0,"k":25.5,"ix":2}},{"ty":0,"nm":"Direction","mn":"ADBE Drop Shadow-0003","ix":3,"v":{"a":0,"k":135,"ix":3}},{"ty":0,"nm":"Distance","mn":"ADBE Drop Shadow-0004","ix":4,"v":{"a":0,"k":21,"ix":4}},{"ty":0,"nm":"Softness","mn":"ADBE Drop Shadow-0005","ix":5,"v":{"a":0,"k":51,"ix":5}},{"ty":7,"nm":"Shadow Only","mn":"ADBE Drop Shadow-0006","ix":6,"v":{"a":0,"k":0,"ix":6}},{"ty":7,"nm":"GPU Rendering","mn":"ADBE Force CPU GPU","ix":7,"v":{"a":0,"k":1,"ix":7}}]}],"shapes":[{"ty":"gr","it":[{"ind":0,"ty":"sh","ix":1,"ks":{"a":0,"k":{"i":[[22.766,22.017],[2.901,2.98],[12.723,18.312],[2.111,-7.33],[-16.898,-37.068],[-39.327,4.762],[7.889,17.305]],"o":[[-2.958,-2.86],[-18.534,-19.036],[-17.015,-24.489],[-7.821,27.169],[13.639,29.917],[19.456,-2.356],[-10.002,-21.94]],"v":[[12.046,-6.971],[3.242,-15.724],[-33.198,-70.103],[-68.417,-70.501],[-54.622,27.117],[52.796,89.83],[68.349,55.889]],"c":true},"ix":2},"nm":"Path 1","mn":"ADBE Vector Shape - Group","hd":false},{"ty":"fl","c":{"a":0,"k":[1,1,1,1],"ix":4},"o":{"a":0,"k":100,"ix":5},"r":1,"bm":0,"nm":"Fill 1","mn":"ADBE Vector Graphic - Fill","hd":false},{"ty":"tr","p":{"a":0,"k":[126.126,755.716],"ix":2},"a":{"a":0,"k":[0,0],"ix":1},"s":{"a":0,"k":[100,100],"ix":3},"r":{"a":0,"k":0,"ix":6},"o":{"a":0,"k":100,"ix":7},"sk":{"a":0,"k":0,"ix":4},"sa":{"a":0,"k":0,"ix":5},"nm":"Transform"}],"nm":"Group 1","np":4,"cix":2,"bm":0,"ix":1,"mn":"ADBE Vector Group","hd":false},{"ty":"gr","it":[{"ind":0,"ty":"sh","ix":1,"ks":{"a":0,"k":{"i":[[220.167,54.424],[57.203,-231.41],[-77.732,-108.506],[-95.524,-24.232],[-39.551,-9.777],[25.863,354.485]],"o":[[-220.166,-54.424],[-30.951,125.206],[14.073,64.89],[36.016,22.407],[220.166,54.423],[-17.889,-245.205]],"v":[[274.876,-394.428],[-388.776,-166.251],[-302.38,204.997],[-155.975,344.105],[-42.045,393.17],[361.168,66.835]],"c":true},"ix":2},"nm":"Path 1","mn":"ADBE Vector Shape - Group","hd":false},{"ty":"fl","c":{"a":0,"k":[1,1,1,1],"ix":4},"o":{"a":0,"k":100,"ix":5},"r":1,"bm":0,"nm":"Fill 1","mn":"ADBE Vector Graphic - Fill","hd":false},{"ty":"tr","p":{"a":0,"k":[424.273,439],"ix":2},"a":{"a":0,"k":[0,0],"ix":1},"s":{"a":0,"k":[100,100],"ix":3},"r":{"a":0,"k":0,"ix":6},"o":{"a":0,"k":100,"ix":7},"sk":{"a":0,"k":0,"ix":4},"sa":{"a":0,"k":0,"ix":5},"nm":"Transform"}],"nm":"Group 2","np":4,"cix":2,"bm":0,"ix":2,"mn":"ADBE Vector Group","hd":false}],"ip":0,"op":90.0000036657751,"st":0,"bm":0}]}],"layers":[{"ddd":0,"ind":1,"ty":0,"nm":"Request demo","refId":"comp_0","sr":1,"ks":{"o":{"a":0,"k":100,"ix":11},"r":{"a":0,"k":0,"ix":10},"p":{"a":0,"k":[960,540,0],"ix":2},"a":{"a":0,"k":[960,540,0],"ix":1},"s":{"a":0,"k":[112,112,100],"ix":6}},"ao":0,"w":1920,"h":1080,"ip":0,"op":90.0000036657751,"st":0,"bm":0}],"markers":[]}